City_ID,City,Country,Lat,Lng,Max Temp,Humidity,Cloudiness,Wind Speed,Current Description
0,Tasiilaq,GL,65.6145,-37.6368,17.6,53,0,13.8,clear sky
1,Jamestown,US,42.097,-79.2353,46.0,31,90,9.22,overcast clouds
2,Bluff,NZ,-46.6,168.3333,60.01,77,53,20.0,broken clouds
3,New Norfolk,AU,-42.7826,147.0587,66.99,42,64,7.0,broken clouds
4,Hermanus,ZA,-34.4187,19.2345,63.0,93,0,3.0,clear sky
5,Kodiak,US,57.79,-152.4072,48.2,49,40,10.36,scattered clouds
6,Cordoba,AR,-31.4135,-64.1811,70.0,82,0,5.75,clear sky
7,Wilmington,US,34.2257,-77.9447,44.6,61,1,4.12,clear sky
8,Mao,ES,39.8885,4.2658,55.4,76,0,13.8,clear sky
9,Les Cayes,HT,18.2,-73.75,73.65,84,11,7.27,few clouds
10,Ushuaia,AR,-54.8,-68.3,37.4,81,40,10.36,scattered clouds
11,Bredasdorp,ZA,-34.5322,20.0403,50.0,87,0,3.96,clear sky
12,Chuy,UY,-33.6971,-53.4616,64.81,89,2,7.02,clear sky
13,Yar-Sale,RU,66.8333,70.8333,22.44,99,100,3.31,overcast clouds
14,Flinders,AU,-34.5833,150.8552,86.0,57,5,1.99,clear sky
15,Mataura,NZ,-46.1927,168.8643,60.01,77,76,20.0,broken clouds
16,Cape Town,ZA,-33.9258,18.4232,66.0,94,75,4.61,broken clouds
17,Saskylakh,RU,71.9167,114.0833,-9.92,93,16,2.44,few clouds
18,Praya,CV,14.9215,-23.5087,75.2,41,0,17.27,clear sky
19,Saint-Junien,FR,45.8833,0.9,39.99,60,0,8.05,clear sky
20,Dunedin,NZ,-45.8742,170.5036,70.3,53,9,10.98,clear sky
21,Belen,TR,36.4891,36.2233,53.6,100,40,3.44,scattered clouds
22,Husavik,IS,66.0449,-17.3389,23.0,74,90,18.41,light snow
23,Atuona,PF,-9.8,-139.0333,80.74,74,100,11.81,overcast clouds
24,Castro,BR,-24.7911,-50.0119,55.44,99,51,3.51,broken clouds
25,Punta Arenas,CL,-53.15,-70.9167,37.4,75,20,9.22,few clouds
26,Palmer,US,42.1584,-72.3287,32.0,55,20,1.5,few clouds
27,Uribia,CO,11.7139,-72.266,80.56,67,100,13.96,overcast clouds
28,Luderitz,NA,-26.6481,15.1594,69.26,54,5,13.98,clear sky
29,Padang,ID,-0.9492,100.3543,82.4,65,90,2.3,light rain
30,Arlit,NE,18.7369,7.3853,71.47,11,0,9.42,clear sky
31,Phan Thiet,VN,10.9333,108.1,88.7,57,48,13.85,scattered clouds
32,Lebu,CL,-37.6167,-73.65,52.88,91,3,9.06,clear sky
33,Thompson,CA,55.7435,-97.8558,32.0,55,20,3.44,few clouds
34,Arraial Do Cabo,BR,-22.9661,-42.0278,75.31,74,27,4.36,scattered clouds
35,Rikitea,PF,-23.1203,-134.9692,78.3,57,35,20.36,scattered clouds
36,Carnarvon,AU,-24.8667,113.6333,87.8,35,0,13.8,clear sky
37,Vire,FR,48.9167,-0.8333,39.2,81,20,5.75,few clouds
38,Nikolskoye,RU,59.7035,30.7861,34.0,93,0,6.71,clear sky
39,Sovetskiy,RU,61.3614,63.5842,31.06,94,100,7.23,overcast clouds
40,Busselton,AU,-33.65,115.3333,68.0,84,100,8.01,light rain
41,Mahebourg,MU,-20.4081,57.7,78.8,89,40,3.44,light rain
42,Uarini,BR,-2.99,-65.1083,74.61,98,100,2.66,overcast clouds
43,Carutapera,BR,-1.195,-46.02,75.83,92,76,5.97,broken clouds
44,Nanortalik,GL,60.1432,-45.2371,35.26,91,100,12.82,overcast clouds
45,College,US,64.8569,-147.8028,30.99,86,90,4.61,snow
46,Hobart,AU,-42.8794,147.3294,68.0,32,40,18.41,scattered clouds
47,Bara,NG,10.3744,10.7288,74.53,14,57,6.82,broken clouds
48,Tautira,PF,-17.7333,-149.15,87.8,66,40,4.61,light rain
49,Lethem,GY,3.3803,-59.7968,79.21,77,100,10.67,overcast clouds
50,Ternate,ID,0.8,127.4,84.13,75,62,9.13,broken clouds
51,Puerto Ayora,EC,-0.7393,-90.3518,77.0,94,77,5.01,broken clouds
52,Oranjemund,NA,-28.55,16.4333,60.85,87,0,7.43,clear sky
53,San Patricio,US,28.017,-97.5169,69.8,68,40,9.22,scattered clouds
54,Sao Joao Da Barra,BR,-21.6403,-41.0511,72.34,87,42,7.43,scattered clouds
55,Grindavik,IS,63.8424,-22.4338,28.4,93,75,25.32,light snow
56,Albany,US,42.6001,-73.9662,39.0,62,77,4.23,broken clouds
57,Batagay-Alyta,RU,67.8006,130.4114,-3.89,84,100,8.88,overcast clouds
58,Clyde River,CA,70.4692,-68.5914,-13.0,84,1,10.36,clear sky
59,Hovd,MN,48.0056,91.6419,37.51,19,0,3.36,clear sky
60,Suyan,PH,6.0603,125.3853,89.6,51,20,9.22,few clouds
61,Dikson,RU,73.5069,80.5464,-10.64,81,97,4.14,overcast clouds
62,Zhovtneve,UA,50.6637,24.2492,31.23,90,26,6.78,scattered clouds
63,Tukrah,LY,32.5341,20.5791,69.13,30,36,20.69,scattered clouds
64,Inirida,CO,3.8653,-67.9239,74.39,95,100,2.48,light rain
65,Ribeira Grande,PT,38.5167,-28.7,62.44,82,100,32.57,overcast clouds
66,Margate,GB,51.3813,1.3862,42.01,71,100,3.0,overcast clouds
67,Airai,TL,-8.9266,125.4092,62.44,95,100,6.78,overcast clouds
68,Lanzhou,CN,36.0564,103.7922,39.2,87,75,4.47,broken clouds
69,Zhaotong,CN,27.3167,103.7167,58.68,49,79,2.53,broken clouds
70,Port Hedland,AU,-20.3167,118.5667,98.6,18,87,8.05,overcast clouds
71,Mandalgovi,MN,45.7625,106.2708,41.36,18,0,9.17,clear sky
72,Athabasca,CA,54.7169,-113.2854,42.8,49,100,6.24,light rain
73,La Ronge,CA,55.1001,-105.2842,39.2,28,58,1.14,broken clouds
74,Kilindoni,TZ,-7.9139,39.6668,80.38,81,99,13.29,moderate rain
75,Talnakh,RU,69.4865,88.3972,-5.55,76,3,10.67,clear sky
76,Victoria,HK,22.2855,114.1577,81.0,82,21,3.0,few clouds
77,Beyneu,KZ,45.3167,55.2,43.83,77,65,12.41,broken clouds
78,Georgetown,MY,5.4112,100.3354,84.0,89,40,1.14,scattered clouds
79,Mayya,RU,61.7333,130.2811,3.2,55,0,6.71,clear sky
80,Hualmay,PE,-11.0964,-77.6139,70.02,81,69,6.96,broken clouds
81,Yellowknife,CA,62.456,-114.3525,9.0,61,75,6.91,broken clouds
82,Nosy Varika,MG,-20.5833,48.5333,71.55,86,2,2.82,clear sky
83,Ilulissat,GL,69.2167,-51.1,1.4,66,2,8.05,clear sky
84,Saint-Philippe,RE,-21.3585,55.7679,77.0,69,0,8.05,light rain
85,Vaini,TO,-21.2,-175.2,78.8,83,75,4.61,broken clouds
86,Kapaa,US,22.0752,-159.319,75.2,69,75,18.41,light rain
87,Hilo,US,19.7297,-155.09,69.8,88,90,11.5,moderate rain
88,Maceio,BR,-9.6658,-35.7353,78.8,89,40,2.3,scattered clouds
89,Katobu,ID,-4.9408,122.5276,86.97,61,89,9.93,light rain
90,Miri,MY,4.4148,114.0089,86.0,70,20,6.91,few clouds
91,Kaitangata,NZ,-46.2817,169.8464,66.99,62,49,25.99,scattered clouds
92,Ostrovnoy,RU,68.0531,39.5131,23.9,90,100,16.58,overcast clouds
93,Kholodnyy,RU,62.7167,147.95,12.15,66,100,5.01,overcast clouds
94,Salalah,OM,17.0151,54.0924,73.4,78,0,2.3,clear sky
95,Cidreira,BR,-30.1811,-50.2056,71.94,77,74,16.44,broken clouds
96,Bethel,US,41.3712,-73.414,37.99,55,1,3.44,clear sky
97,Waddan,LY,29.1614,16.139,67.89,17,3,8.01,clear sky
98,Narsaq,GL,60.9167,-46.05,37.4,93,90,1.14,light rain
99,Vaitape,PF,-16.5167,-151.75,82.78,70,12,6.04,few clouds
100,Moose Factory,CA,51.2585,-80.6094,33.8,80,90,4.14,light snow
101,Geraldton,AU,-28.7667,114.6,84.2,39,29,16.11,scattered clouds
102,Buala,SB,-8.145,159.5921,86.25,68,100,7.18,light rain
103,Saldanha,ZA,-33.0117,17.9442,64.4,88,0,8.05,clear sky
104,Severodvinsk,RU,64.5635,39.8302,26.6,86,40,2.24,scattered clouds
105,Bengkulu,ID,-3.8004,102.2655,80.8,74,90,13.67,overcast clouds
106,Shache,CN,38.4167,77.2406,48.22,47,36,5.64,scattered clouds
107,Codrington,AU,-38.2667,141.9667,66.34,67,26,11.9,scattered clouds
108,Ust-Kuyga,RU,70.0167,135.6,-6.99,89,100,6.2,overcast clouds
109,Bud,US,39.447,-86.1758,53.6,46,1,6.91,clear sky
110,Butaritari,KI,3.0707,172.7902,82.6,77,20,13.04,light rain
111,Hobyo,SO,5.3505,48.5268,81.82,72,87,7.54,overcast clouds
112,Khandyga,RU,62.6667,135.6,5.9,79,100,2.1,overcast clouds
113,Port Alfred,ZA,-33.5906,26.891,60.22,81,0,8.66,clear sky
114,Iqaluit,CA,63.7506,-68.5145,0.0,71,90,3.44,light snow
115,Coahuayana,MX,18.7333,-103.6833,72.32,71,9,1.81,clear sky
116,Ahipara,NZ,-35.1667,173.1667,68.23,62,0,8.1,clear sky
117,Bambous Virieux,MU,-20.3428,57.7575,80.01,89,40,3.44,light rain
118,Jamame,SO,0.0722,42.7506,80.42,83,100,8.08,overcast clouds
119,Olafsvik,IS,64.8945,-23.7142,26.94,65,63,22.7,broken clouds
120,Karratha,AU,-20.7377,116.8463,94.77,25,64,8.39,broken clouds
121,Kruisfontein,ZA,-34.0033,24.7314,60.55,44,0,6.04,clear sky
122,Kushiro,JP,42.975,144.3747,41.0,93,75,9.22,moderate rain
123,Antalaha,MG,-14.9003,50.2788,73.58,90,18,4.52,few clouds
124,Montepuez,MZ,-13.1256,38.9997,67.08,99,99,3.4,overcast clouds
125,Saint-Pierre,RE,-21.3393,55.4781,77.0,69,0,8.05,clear sky
126,Deputatskiy,RU,69.3,139.9,-0.31,92,100,4.41,overcast clouds
127,Gayny,RU,60.3071,54.3241,31.55,98,100,3.22,light snow
128,Aklavik,CA,68.2191,-135.0107,-0.4,65,100,5.75,overcast clouds
129,Roma,US,43.2128,-75.4557,35.01,64,20,2.98,few clouds
130,Cockburn Town,TC,21.4612,-71.1419,76.33,74,68,27.94,broken clouds
131,Najran,SA,17.4924,44.1277,68.0,21,19,16.11,dust
132,Ardakan,IR,32.31,54.0175,50.0,32,0,6.91,haze
133,Avarua,CK,-21.2078,-159.775,84.2,74,20,11.5,few clouds
134,Rosario Do Sul,BR,-30.2583,-54.9142,63.82,78,13,8.46,few clouds
135,Labuhan,ID,-6.8844,112.2051,86.74,66,87,7.58,overcast clouds
136,Mar Del Plata,AR,-38.0023,-57.5575,66.0,88,0,6.91,clear sky
137,Berlevag,NO,70.8578,29.0864,32.5,81,100,16.35,light snow
138,Roald,NO,62.5833,6.1333,44.6,76,90,27.63,overcast clouds
139,Norman Wells,CA,65.282,-126.8329,14.0,52,75,5.75,broken clouds
140,Saint George,US,37.1041,-113.5841,80.6,10,1,6.91,clear sky
141,Ancud,CL,-41.8697,-73.8203,48.0,91,91,2.62,overcast clouds
142,Kalmunai,LK,7.4167,81.8167,82.62,73,35,2.59,scattered clouds
143,Lompoc,US,34.6391,-120.4579,55.4,67,5,10.36,clear sky
144,Chunoyar,RU,57.4467,97.3217,35.2,81,57,9.93,broken clouds
145,Yerbogachen,RU,61.2767,108.0108,12.51,85,100,7.27,overcast clouds
146,Grand Gaube,MU,-20.0064,57.6608,80.01,80,14,1.99,light rain
147,Cartagena Del Chaira,CO,1.3349,-74.8429,73.17,96,98,0.78,overcast clouds
148,Kirakira,SB,-10.4544,161.9205,87.08,69,71,10.29,broken clouds
149,Atar,MR,20.5169,-13.0499,79.9,19,76,8.19,broken clouds
150,Sandakan,MY,5.8402,118.1179,86.0,79,40,5.75,scattered clouds
151,Nelson Bay,AU,-32.7167,152.15,81.0,57,72,9.22,broken clouds
152,Port Elizabeth,ZA,-33.918,25.5701,59.72,77,0,5.82,clear sky
153,Ponta Do Sol,PT,32.6667,-17.1,57.0,66,61,1.99,broken clouds
154,Tuktoyaktuk,CA,69.4541,-133.0374,-11.2,77,20,6.91,few clouds
155,Smithers,CA,54.7804,-127.1743,33.8,93,90,3.44,light snow
156,Cabedelo,BR,-6.9811,-34.8339,73.4,100,0,4.61,clear sky
157,Vanimo,PG,-2.6741,141.3028,83.3,76,89,6.13,overcast clouds
158,Bonthe,SL,7.5264,-12.505,77.97,90,38,3.94,scattered clouds
159,Shepsi,RU,44.0361,39.1489,50.45,76,97,15.66,overcast clouds
160,Courtenay,CA,49.6866,-124.9936,46.4,81,75,4.61,broken clouds
161,Moindou,NC,-21.6924,165.677,82.4,69,90,14.97,overcast clouds
162,Howard Springs,AU,-12.497,131.047,87.01,74,75,10.36,light rain
163,Sao Gabriel Da Cachoeira,BR,-0.1303,-67.0892,74.16,98,100,1.23,moderate rain
164,Cayenne,GF,4.9333,-52.3333,80.01,94,75,1.14,broken clouds
165,The Pas,CA,53.8251,-101.2541,41.0,48,90,2.3,overcast clouds
166,Guerrero Negro,MX,27.9769,-114.0611,60.26,84,0,13.91,clear sky
167,Malpe,IN,13.35,74.7167,78.8,73,40,3.44,scattered clouds
168,Vallenar,CL,-28.5708,-70.7581,64.74,69,81,1.83,broken clouds
169,Brae,GB,60.3964,-1.353,44.6,93,90,28.77,overcast clouds
170,Ukiah,US,39.1502,-123.2078,62.6,48,1,9.22,clear sky
171,Mozelos,PT,41.8677,-8.3978,57.0,81,0,4.61,clear sky
172,Buta,CD,2.7858,24.73,69.37,99,100,1.68,overcast clouds
173,Bahia Blanca,AR,-38.7196,-62.2724,67.68,62,1,11.97,clear sky
174,Namibe,AO,-15.1961,12.1522,76.37,85,60,4.14,broken clouds
175,Mayo,US,38.8876,-76.5119,46.4,53,20,6.22,few clouds
176,Murgab,TM,37.4966,61.9714,53.6,82,90,13.8,light rain
177,Ciudad Bolivar,VE,8.1222,-63.5497,80.67,70,68,15.86,broken clouds
178,Mangrol,IN,21.1167,70.1167,81.45,63,8,5.73,clear sky
179,Barpali,IN,21.2,83.5833,86.61,48,0,6.93,clear sky
180,Rettikhovka,RU,44.1683,132.7669,40.96,29,98,10.65,overcast clouds
181,Upernavik,GL,72.7868,-56.1549,-23.44,93,13,7.18,few clouds
182,Hithadhoo,MV,-0.6,73.0833,83.53,75,70,15.93,broken clouds
183,Ninh Binh,VN,20.2539,105.975,86.07,59,52,6.51,broken clouds
184,Hasaki,JP,35.7333,140.8333,75.0,53,40,11.5,scattered clouds
185,Gambela,ET,8.25,34.5833,77.83,56,50,2.55,scattered clouds
186,Port Lincoln,AU,-34.7333,135.8667,74.55,62,3,9.64,clear sky
187,Sakakah,SA,29.9697,40.2064,51.8,28,0,3.78,clear sky
188,Evensk,RU,61.95,159.2333,13.53,63,75,14.5,broken clouds
189,Longyearbyen,SJ,78.2186,15.6401,21.2,93,90,8.05,light snow
190,Las Palmas,ES,28.4204,-14.0131,64.4,59,75,11.5,broken clouds
191,Nioro,GM,13.35,-15.75,72.54,59,4,7.92,clear sky
192,Katsuura,JP,35.1333,140.3,72.0,56,75,20.71,broken clouds
193,Chone,EC,-0.6833,-80.1,75.24,90,95,2.93,overcast clouds
194,Vardo,NO,70.3705,31.1107,34.39,80,100,10.98,snow
195,Pointe Michel,DM,15.25,-61.3833,77.18,70,92,12.53,overcast clouds
196,Notre-Dame-Du-Lac,CA,47.6136,-68.7964,26.6,93,5,1.14,clear sky
197,Cabo San Lucas,MX,22.8909,-109.9124,80.6,32,1,9.78,clear sky
198,Lavrentiya,RU,65.5833,-171.0,5.47,90,100,8.7,light snow
199,Dubrovnik,HR,42.6481,18.0922,51.8,43,20,25.32,few clouds
200,Kemi,FI,65.8596,24.8228,33.8,86,0,9.22,clear sky
201,Cuamba,MZ,-14.8031,36.5372,65.98,98,77,2.62,broken clouds
202,Tsurugi,JP,36.45,136.6333,64.0,82,75,3.44,light rain
203,Kuzino,RU,57.0224,59.4412,31.44,94,100,3.51,overcast clouds
204,Qaanaaq,GL,77.484,-69.3632,-21.24,74,22,8.19,few clouds
205,Meulaboh,ID,4.1363,96.1285,81.0,74,100,1.39,overcast clouds
206,Coihaique,CL,-45.5752,-72.0662,51.15,88,100,3.53,overcast clouds
207,Suleja,NG,9.1758,7.1808,80.6,44,61,2.3,broken clouds
208,Sergeyevka,KZ,53.88,67.4158,35.06,83,100,12.39,overcast clouds
209,Manokwari,ID,-0.8667,134.0833,83.53,72,98,4.05,overcast clouds
210,Antofagasta,CL,-23.65,-70.4,66.2,68,90,4.61,overcast clouds
211,Bantry,IE,51.6833,-9.45,39.2,93,20,6.91,few clouds
212,Cervo,ES,43.6702,-7.4101,36.0,99,11,5.01,few clouds
213,Rawdon,CA,46.0501,-73.7159,37.4,56,97,4.61,overcast clouds
214,Tiksi,RU,71.6872,128.8694,-9.81,98,100,7.76,overcast clouds
215,Tecoanapa,MX,16.5167,-98.75,79.97,72,0,2.3,clear sky
216,Aranda De Duero,ES,41.6704,-3.6892,36.81,75,0,3.58,clear sky
217,Constitucion,CL,-35.3333,-72.4167,56.32,71,0,5.61,clear sky
218,Zalalovo,HU,46.848,16.5875,39.0,87,75,9.22,broken clouds
219,Urdoma,RU,61.7533,48.5442,27.82,97,100,1.05,overcast clouds
220,Aquiraz,BR,-3.9014,-38.3911,82.4,78,20,12.66,few clouds
221,Tomakomai,JP,42.6369,141.6033,48.99,81,75,11.5,light rain
222,Tuatapere,NZ,-46.1333,167.6833,61.0,76,91,20.0,overcast clouds
223,Saint Anthony,US,45.0205,-93.218,57.99,26,1,3.04,clear sky
224,Bom Jardim,BR,-7.7958,-35.5872,71.33,96,31,3.6,scattered clouds
225,Srednekolymsk,RU,67.45,153.6833,12.33,74,12,8.79,few clouds
226,Baykalsk,RU,51.5058,104.1469,39.0,77,99,1.32,overcast clouds
227,Auki,SB,-8.7676,160.7034,86.95,65,53,2.82,broken clouds
228,Necochea,AR,-38.5473,-58.7368,63.0,83,4,5.99,clear sky
229,Garowe,SO,8.4054,48.4845,72.14,84,40,6.69,scattered clouds
230,San Quintin,MX,30.4833,-115.95,60.04,80,20,14.32,few clouds
231,Ajdabiya,LY,30.7554,20.2263,66.97,23,8,12.84,clear sky
232,Pangody,RU,65.85,74.4859,29.46,95,100,7.87,overcast clouds
233,Khanpur,PK,28.6453,70.6567,81.57,7,2,9.89,clear sky
234,Ribeira Brava,PT,32.65,-17.0667,57.0,79,70,5.01,broken clouds
235,Chapais,CA,49.7834,-74.8492,32.0,32,90,3.44,overcast clouds
236,Carballo,ES,43.213,-8.691,48.99,92,0,5.46,clear sky
237,Khatanga,RU,71.9667,102.5,-4.47,82,10,6.55,clear sky
238,Pyapon,MM,16.2833,95.6833,85.17,52,74,11.18,broken clouds
239,Ried,DE,48.477,11.2606,35.01,93,8,2.3,clear sky
240,Ekhabi,RU,53.5102,142.9671,24.22,89,100,31.68,light snow
241,Fountain Hills,US,33.6117,-111.7174,89.6,9,1,4.61,clear sky
242,Tiznit,MA,29.5833,-9.5,53.73,84,50,4.25,scattered clouds
243,Vao,NC,-22.6667,167.4833,76.12,69,62,24.61,broken clouds
244,Adoni,IN,15.6333,77.2833,84.2,42,95,12.41,overcast clouds
245,Kavaratti,IN,10.5669,72.642,82.29,66,37,9.26,scattered clouds
246,Tyazhinskiy,RU,56.116,88.524,32.74,89,97,8.72,overcast clouds
247,Cherskiy,RU,68.75,161.3,2.98,81,40,3.56,scattered clouds
248,West Des Moines,US,41.572,-93.7453,64.4,29,75,5.75,broken clouds
249,Arman,RU,59.7,150.1667,27.07,52,100,16.17,overcast clouds
250,Felanitx,ES,39.4696,3.1483,57.0,94,75,3.44,broken clouds
251,Puerto Narino,CO,-3.7703,-70.3831,75.2,100,75,2.3,moderate rain
252,Timbiqui,CO,2.7717,-77.6654,75.38,94,100,2.42,moderate rain
253,Kidal,ML,18.4411,1.4078,75.34,9,0,10.69,clear sky
254,Nome,US,64.5011,-165.4064,24.01,86,90,6.91,mist
255,Abu Samrah,SY,35.3029,37.1841,48.11,88,0,7.74,clear sky
256,Comodoro Rivadavia,AR,-45.8667,-67.5,60.8,67,0,4.61,clear sky
257,Baoqing,CN,46.3317,132.2111,45.27,23,0,8.5,clear sky
258,Firminy,FR,45.3873,4.2907,30.2,80,0,2.3,clear sky
259,Khani,GE,41.9563,42.9566,44.6,93,75,9.22,broken clouds
260,Kavieng,PG,-2.5744,150.7967,83.73,71,100,4.43,light rain
261,Bulungu,CD,-4.55,18.6,70.09,97,100,1.7,overcast clouds
262,Puerto Escondido,MX,15.85,-97.0667,82.4,78,1,6.53,clear sky
263,Ilo,PE,-17.6394,-71.3375,69.03,83,100,7.92,overcast clouds
264,Catamarca,AR,-28.4696,-65.7852,60.01,87,98,14.29,overcast clouds
265,Maryborough,AU,-25.5333,152.7,72.0,96,100,5.99,light rain
266,Torbay,CA,47.6666,-52.7314,37.99,100,90,12.66,light rain
267,Katherine,AU,-14.4667,132.2667,89.6,37,40,17.27,scattered clouds
268,La Palma,US,33.8464,-118.0467,66.2,55,1,6.91,clear sky
269,Gamba,GA,-2.65,10.0,73.69,93,100,6.31,light rain
270,Praia Da Vitoria,PT,38.7333,-27.0667,59.0,94,75,26.04,broken clouds
271,Shubarkuduk,KZ,49.1447,56.4872,33.24,97,100,10.18,overcast clouds
272,Ambon,ID,-3.6954,128.1814,91.4,58,40,8.05,scattered clouds
273,Klaksvik,FO,62.2266,-6.589,44.6,87,75,28.77,broken clouds
274,Ankang,CN,32.68,109.0172,53.28,73,100,5.82,overcast clouds
275,Bilibino,RU,68.0546,166.4372,4.05,77,27,1.16,scattered clouds
276,Sayyan,YE,15.1718,44.3244,54.46,19,7,1.92,clear sky
277,Mucurapo,TT,10.6667,-61.5333,79.0,78,20,5.75,few clouds
278,Raybag,IN,16.4833,74.7833,78.8,48,69,9.13,broken clouds
279,Lugovoy,KZ,42.9472,72.7644,47.97,45,95,6.31,light rain
280,Bukama,CD,-9.2,25.85,66.65,94,94,2.39,overcast clouds
281,Izazi,TZ,-7.2,35.7333,66.2,77,75,5.75,light rain
282,Vila Velha,BR,-20.3297,-40.2925,73.4,88,0,5.75,clear sky
283,Nhulunbuy,AU,-12.2333,136.7667,87.8,66,40,12.66,light rain
284,Lure,FR,47.75,6.5,37.4,65,0,4.85,clear sky
285,Kurtalan,TR,37.9272,41.7028,37.4,93,0,4.61,clear sky
286,Kyzyl-Suu,KG,42.3414,78.0056,35.38,41,9,1.1,clear sky
287,Isangel,VU,-19.55,169.2667,80.37,81,100,18.03,overcast clouds
288,East London,ZA,-33.0153,27.9116,60.64,80,2,9.6,clear sky
289,Zheleznodorozhnyy,RU,55.7503,38.0042,32.0,93,18,4.47,light snow
290,Boende,CD,-0.2167,20.8667,69.53,99,68,0.2,light rain
291,Inta,RU,66.0317,60.1659,16.77,94,84,5.73,broken clouds
292,Ouallam,NE,14.3188,2.0866,75.33,9,0,9.55,clear sky
293,Hervey Bay,AU,-25.2986,152.8535,72.0,96,100,5.99,light rain
294,Severo-Kurilsk,RU,50.6789,156.125,33.71,83,81,25.68,broken clouds
295,Pringsewu,ID,-5.3582,104.9744,84.56,70,98,4.18,overcast clouds
296,Allende,MX,25.2833,-100.0167,64.4,88,90,4.07,overcast clouds
297,Walla Walla,US,46.0646,-118.343,60.8,36,1,4.27,clear sky
298,Lorengau,PG,-2.0226,147.2712,82.11,80,85,10.83,light rain
299,Kysyl-Syr,RU,63.8986,122.7617,3.25,82,97,3.38,overcast clouds
300,Taltal,CL,-25.4,-70.4833,64.0,84,88,2.86,overcast clouds
301,Mount Darwin,ZW,-16.7725,31.5838,58.84,90,4,1.66,clear sky
302,Sabang,ID,5.8933,95.3214,82.96,71,100,17.29,overcast clouds
303,Lasa,IT,46.6166,10.7002,34.0,74,0,10.36,clear sky
304,Xanlar,AZ,40.5869,46.3158,48.2,57,40,11.5,scattered clouds
305,Myski,RU,53.709,87.8014,35.67,72,51,2.51,broken clouds
306,Aswan,EG,24.0934,32.907,60.62,26,4,11.14,clear sky
307,Axim,GH,4.8699,-2.2405,78.87,89,15,5.01,few clouds
308,Helsinki,FI,60.1695,24.9355,35.01,80,75,8.05,broken clouds
309,Pevek,RU,69.7008,170.3133,-8.0,94,98,6.02,overcast clouds
310,Leshukonskoye,RU,64.8989,45.7622,20.86,97,67,2.66,broken clouds
311,Konstantinovka,RU,49.6167,127.9833,47.68,30,100,15.95,overcast clouds
312,Pueblo,US,38.2545,-104.6091,68.0,15,1,8.05,clear sky
313,Kutum,SD,14.2,24.6667,65.28,13,100,11.16,overcast clouds
314,Beian,NO,63.6559,9.5683,42.8,87,75,32.21,light rain
315,Ayan,RU,56.45,138.1667,22.42,58,99,18.39,overcast clouds
316,Bam,IR,29.106,58.357,76.35,19,58,3.89,broken clouds
317,Vostok,RU,46.4856,135.8833,34.72,36,83,10.87,broken clouds
318,Estelle,US,29.8458,-90.1067,62.6,59,1,4.61,clear sky
319,Beringovskiy,RU,63.05,179.3167,5.07,83,100,20.02,overcast clouds
320,Kamenice Nad Lipou,CZ,49.303,15.0752,32.0,71,19,5.19,few clouds
321,Chokurdakh,RU,70.6333,147.9167,-3.17,92,20,6.6,few clouds
322,Punta Ocote,HN,15.2,-87.2833,65.71,94,98,3.2,overcast clouds
323,Muli,MV,2.9167,73.5667,82.74,76,8,13.56,clear sky
324,Okhotsk,RU,59.3833,143.3,29.25,55,100,11.23,overcast clouds
325,Te Anau,NZ,-45.4167,167.7167,57.79,91,99,8.34,overcast clouds
326,Fare,PF,-16.7,-151.0167,82.44,71,12,5.39,few clouds
327,Voh,NC,-20.9667,164.7,78.84,84,98,6.69,overcast clouds
328,Souillac,MU,-20.5167,57.5167,78.8,89,40,3.44,scattered clouds
329,Pisco,PE,-13.7,-76.2167,73.99,78,92,1.14,overcast clouds
330,Putyatino,RU,54.16,41.1169,29.01,95,88,4.5,light snow
331,San Ignacio,BZ,17.1561,-89.0714,75.2,69,75,4.14,broken clouds
332,Sao Filipe,CV,14.8961,-24.4956,74.93,65,100,7.45,overcast clouds
333,Cambridge,CA,43.3601,-80.3127,37.99,64,1,3.44,clear sky
334,Shingu,JP,33.7333,135.9833,68.0,77,75,12.66,broken clouds
335,Bambanglipuro,ID,-7.95,110.2833,85.14,69,74,3.96,broken clouds
336,Riverton,US,40.5219,-111.9391,66.0,39,1,2.71,clear sky
337,Avera,US,33.194,-82.5271,45.0,70,1,4.16,clear sky
338,Kahului,US,20.8947,-156.47,73.4,94,75,16.11,light rain
339,Sinnamary,GF,5.3833,-52.95,77.58,90,99,13.24,heavy intensity rain
340,Vicam,MX,27.6333,-110.2833,78.01,36,0,6.8,clear sky
341,Omagh,GB,54.6,-7.3,35.22,94,12,2.44,few clouds
342,Ekibastuz,KZ,51.6667,75.3667,38.77,71,10,10.33,clear sky
343,Skjeberg,NO,59.2333,11.2,37.0,93,13,5.75,few clouds
344,Hede,CN,33.7681,120.2517,55.6,31,0,17.69,clear sky
345,Norrtalje,SE,59.758,18.705,39.99,74,64,8.99,broken clouds
346,Barrow,US,71.2906,-156.7887,-9.4,70,1,5.75,clear sky
347,Esperance,AU,-33.8667,121.9,73.4,56,59,16.11,broken clouds
348,Pontianak,ID,-0.0333,109.3333,87.8,66,20,4.61,few clouds
349,Aden,YE,12.7794,45.0367,79.97,61,100,6.51,overcast clouds
350,Sur,OM,22.5667,59.5289,85.57,39,6,2.73,clear sky
351,Uniontown,US,39.9001,-79.7164,46.4,31,40,4.61,scattered clouds
352,Grand-Lahou,CI,5.1367,-5.0242,78.69,91,9,7.74,clear sky
353,Kyra,RU,49.5776,111.9753,43.97,28,87,8.16,overcast clouds
354,Siva,EG,29.2041,25.5195,62.08,25,0,6.89,clear sky
355,Muncar,ID,-8.4333,114.3333,84.76,72,88,3.56,overcast clouds
356,Salto,UY,-31.3833,-57.9667,70.0,78,98,4.97,overcast clouds
357,Sesimbra,PT,38.4445,-9.1015,55.99,94,0,4.61,clear sky
358,Faanui,PF,-16.4833,-151.75,82.8,70,12,6.04,few clouds
359,Araouane,ML,18.9048,-3.5265,78.57,6,1,7.56,clear sky
360,Methoni,GR,36.8197,21.7049,59.0,100,100,2.3,overcast clouds
361,Iquitos,PE,-3.7481,-73.2472,77.0,88,75,4.61,broken clouds
362,Lundazi,ZM,-12.2929,33.1782,61.65,97,61,6.49,broken clouds
363,Wanaka,NZ,-44.7,169.15,60.19,73,26,15.26,scattered clouds
364,Touros,BR,-5.1989,-35.4608,75.2,94,75,3.44,broken clouds
365,Bonavista,CA,48.6499,-53.1147,39.2,87,19,3.44,few clouds
366,Buenos Aires,AR,-34.6132,-58.3772,70.0,83,0,14.97,clear sky
367,Fort Nelson,CA,58.8053,-122.7002,46.4,27,20,3.44,few clouds
368,Torrington,US,41.8007,-73.1212,33.01,68,7,3.69,clear sky
369,Mazagao,BR,-0.115,-51.2894,82.4,100,75,3.44,broken clouds
370,Belaya Gora,RU,68.5333,146.4167,6.12,80,81,4.54,broken clouds
371,Cienfuegos,CU,22.1461,-80.4356,69.8,64,58,8.05,broken clouds
372,Dalmatovo,RU,56.26,62.9362,31.95,90,97,6.24,overcast clouds
373,Turukhansk,RU,65.8167,87.9833,18.3,90,98,14.23,overcast clouds
374,Zacualtipan,MX,20.65,-98.6,52.0,87,100,3.27,overcast clouds
375,Poros,GR,37.4994,23.4536,60.01,77,23,11.01,few clouds
376,Pangnirtung,CA,66.1451,-65.7125,-2.18,66,100,7.16,overcast clouds
377,Chumphon,TH,10.3333,98.8333,84.2,84,20,3.44,few clouds
378,Vila Do Maio,CV,15.1333,-23.2167,75.2,41,0,17.27,clear sky
379,Sitka,US,57.0531,-135.33,39.2,65,75,8.05,broken clouds
380,Ola,RU,59.5833,151.2833,22.15,60,100,28.32,overcast clouds
381,Gao,ML,16.6362,1.637,73.67,9,0,10.09,clear sky
382,Magadan,RU,59.5667,150.8,21.15,63,100,26.84,overcast clouds
383,Menongue,AO,-14.6585,17.691,59.65,85,27,3.56,scattered clouds
384,Redwater,US,33.3582,-94.2544,60.8,44,90,3.44,overcast clouds
385,Tessalit,ML,20.1986,1.0114,74.95,8,35,10.02,scattered clouds
386,Port Blair,IN,11.6667,92.75,83.48,65,44,6.93,scattered clouds
387,Remuna,IN,21.5261,86.8722,88.0,52,0,4.97,clear sky
388,Leo,BF,11.1,-2.1,78.98,11,26,6.69,scattered clouds
389,Tarpon Springs,US,28.1461,-82.7568,64.0,55,1,6.91,clear sky
390,Mata,PT,40.683,-7.4592,51.01,44,0,7.0,clear sky
391,Nusaybin,TR,37.0778,41.2178,41.0,93,0,3.44,clear sky
392,Baloc,PH,15.6435,120.8852,89.6,48,75,9.22,broken clouds
393,Slave Lake,CA,55.2834,-114.769,44.6,49,90,8.05,overcast clouds
394,Rorvik,NO,64.8621,11.2373,42.39,85,100,39.35,overcast clouds
395,Marawi,PH,7.9986,124.2928,81.57,57,99,6.38,overcast clouds
396,Lenggries,DE,47.6833,11.5667,27.0,94,13,3.06,few clouds
397,Pineville,US,31.3224,-92.4343,60.8,48,90,0.51,overcast clouds
398,Uyemskiy,RU,64.4743,40.8524,26.6,86,40,2.24,scattered clouds
399,Pogranichnyy,RU,44.4064,131.3769,45.27,18,67,7.49,broken clouds
400,Mercedes,AR,-34.6515,-59.4307,64.0,84,98,1.99,overcast clouds
401,Fairbanks,US,64.8378,-147.7164,30.99,100,90,5.75,snow
402,Ostersund,SE,63.1792,14.6357,39.2,70,90,23.02,overcast clouds
403,Bayan,CN,46.0833,127.4,46.35,22,0,9.95,clear sky
404,Anshun,CN,26.25,105.9333,52.7,80,100,7.9,overcast clouds
405,Merauke,ID,-8.4667,140.3333,80.15,83,100,10.29,overcast clouds
406,Riohacha,CO,11.5444,-72.9072,79.0,79,88,12.64,overcast clouds
407,Nouadhibou,MR,20.931,-17.0347,66.2,77,100,19.57,overcast clouds
408,Kamaishi,JP,39.2667,141.8833,55.4,88,75,2.3,light rain
409,Mount Isa,AU,-20.7333,139.5,86.0,28,0,13.8,clear sky
410,Goure,NE,13.9835,10.2704,68.99,13,0,8.21,clear sky
411,Opuwo,NA,-18.0607,13.84,69.26,56,40,6.85,scattered clouds
412,Komsomolskiy,UZ,40.4272,71.7189,50.0,40,100,2.3,overcast clouds
413,Kortkeros,RU,61.8106,51.5806,24.8,100,20,1.5,light snow
414,Wukari,NG,7.85,9.7833,79.83,20,100,5.01,overcast clouds
415,Shimoda,JP,34.6667,138.95,69.01,73,75,11.5,broken clouds
416,Mayumba,GA,-3.432,10.6554,75.31,94,100,5.21,moderate rain
417,Alihe,CN,50.5667,123.7167,44.78,42,36,7.72,scattered clouds
418,Nyurba,RU,63.2842,118.3319,1.9,84,100,4.27,overcast clouds
419,Ust-Tsilma,RU,65.441,52.1498,18.55,99,97,1.07,overcast clouds
420,Lagoa,PT,39.05,-27.9833,59.95,88,93,33.04,overcast clouds
421,Mosquera,CO,4.7059,-74.2302,55.4,94,40,4.61,scattered clouds
422,Foki,RU,56.693,54.3499,32.41,95,100,4.85,snow
423,San Carlos,VE,9.6612,-68.5827,80.22,65,74,3.83,broken clouds
424,Storslett,NO,69.7678,21.0247,30.45,96,100,3.74,light snow
425,Asuncion,PY,-25.3007,-57.6359,77.0,69,99,4.61,overcast clouds
426,Aldan,RU,58.6031,125.3894,19.15,74,100,4.09,overcast clouds
427,Kerema,PG,-7.9631,145.7785,79.16,83,100,8.63,overcast clouds
428,Yulara,AU,-25.2406,130.9889,84.2,23,0,11.5,clear sky
429,Saint-Augustin,CA,51.226,-58.6502,33.8,99,100,8.3,overcast clouds
430,Naze,JP,28.3667,129.4833,75.2,83,75,8.05,broken clouds
431,Emilio Carranza,MX,19.9711,-96.6114,71.26,66,100,3.67,overcast clouds
432,Guangyuan,CN,32.442,105.823,46.0,97,100,2.62,overcast clouds
433,Luba,GQ,3.4568,8.5547,80.96,84,98,6.33,overcast clouds
434,Moissala,TD,8.3404,17.7663,78.87,56,70,3.83,broken clouds
435,Turayf,SA,31.6725,38.6637,44.6,87,0,6.91,clear sky
436,Semey,KZ,50.4111,80.2275,30.2,80,0,6.71,clear sky
437,Pangkalanbuun,ID,-2.6833,111.6167,91.99,50,10,3.74,clear sky
438,Herat,AF,34.5,62.0,57.2,58,20,17.27,few clouds
439,Bathsheba,BB,13.2167,-59.5167,78.8,61,40,20.71,scattered clouds
440,Santa Cruz,BO,-17.8,-63.1667,71.6,100,90,2.3,overcast clouds
441,Kitimat,CA,54.0524,-128.6534,39.0,80,77,3.65,broken clouds
442,Lagunas,PE,-5.2269,-75.6753,73.18,91,99,2.28,overcast clouds
443,Oktyabrskiy,RU,54.4815,53.471,32.92,98,98,4.76,light snow
444,Gat,IL,31.61,34.7642,52.0,82,0,3.49,clear sky
445,Villa Union,MX,23.2,-106.2333,75.0,68,20,8.05,few clouds
446,Sotnikovo,RU,51.8845,107.4791,46.4,31,20,4.47,few clouds
447,Mahuva,IN,21.0914,71.7622,80.38,63,6,7.81,clear sky
448,Moussoro,TD,13.6408,16.4901,76.03,12,100,14.99,overcast clouds
449,Petatlan,MX,17.5167,-101.2667,75.99,68,0,3.0,clear sky
450,Falam,MM,22.9167,93.6833,79.59,14,65,2.44,broken clouds
451,Port-Gentil,GA,-0.7193,8.7815,79.93,81,100,7.0,moderate rain
452,Isla Vista,US,34.4133,-119.861,63.0,77,1,5.75,clear sky
453,Kununurra,AU,-15.7667,128.7333,95.0,34,100,13.8,overcast clouds
454,Kenai,US,60.5544,-151.2583,37.4,74,1,4.61,clear sky
455,Sapernoye,RU,60.7167,29.9505,33.01,87,31,7.29,scattered clouds
456,Krasnoyarskiy,RU,51.965,59.8967,33.49,96,100,5.19,overcast clouds
457,Wanxian,CN,30.8039,108.3897,58.06,81,100,5.32,overcast clouds
458,Hearst,CA,49.6835,-83.6665,42.8,56,100,5.75,overcast clouds
459,Wundanyi,KE,-3.4019,38.364,62.15,91,34,3.6,light rain
460,Valdivia,CL,-39.8142,-73.2459,46.4,100,100,2.3,overcast clouds
461,Muzhi,RU,65.3667,64.6667,20.52,95,100,5.66,overcast clouds
462,Noumea,NC,-22.2763,166.4572,82.4,69,90,14.97,overcast clouds
463,Sosnovka,RU,56.255,51.2842,32.34,89,100,9.1,overcast clouds
464,Maturin,VE,9.75,-63.1767,73.24,89,30,6.69,scattered clouds
465,Arkhipo-Osipovka,RU,44.37,38.52,48.6,90,94,17.43,overcast clouds
466,Tingi,TZ,-11.3,35.0333,61.3,95,99,3.36,overcast clouds
467,Bilma,NE,18.6853,12.9164,69.6,13,5,7.47,clear sky
468,Whitianga,NZ,-36.8333,175.7,70.16,55,0,9.35,clear sky
469,Vestmannaeyjar,IS,63.4427,-20.2734,35.33,65,21,35.34,few clouds
470,Alta Floresta,BR,-9.8756,-56.0861,72.79,94,100,1.59,light rain
471,Portland,US,45.5234,-122.6762,64.4,42,75,11.5,broken clouds
472,Mandurah,AU,-32.55,115.7,73.99,67,100,15.9,light rain
473,Richards Bay,ZA,-28.783,32.0377,64.62,78,11,5.91,few clouds
474,Mogadishu,SO,2.0371,45.3438,81.48,78,21,9.86,few clouds
475,Seddon,AU,-37.8068,144.8916,84.0,57,0,8.05,clear sky
476,Caravelas,BR,-17.7125,-39.2481,76.23,82,100,4.79,overcast clouds
477,Hofn,IS,64.2539,-15.2082,28.22,64,5,26.51,clear sky
478,Pankrushikha,RU,53.8319,80.3406,27.25,85,5,5.84,clear sky
479,San Jose,US,37.3394,-121.895,57.2,58,75,11.5,broken clouds
480,Progreso,MX,21.2833,-89.6667,73.99,75,8,18.48,clear sky
481,Traverse City,US,44.7631,-85.6206,39.2,75,1,3.44,clear sky
482,Ornskoldsvik,SE,63.2909,18.7153,39.2,81,75,19.57,broken clouds
483,Fuyu,CN,45.1833,124.8167,50.81,15,0,9.75,clear sky
484,Gimli,CA,50.6336,-96.9907,41.0,48,100,11.5,overcast clouds
485,Haykavan,AM,40.8031,43.7517,30.2,69,40,1.14,scattered clouds
486,Fort Morgan,US,40.2503,-103.8,66.2,8,1,8.05,clear sky
487,Basi,IN,26.8333,76.0333,78.8,21,0,4.61,haze
488,Kaeo,NZ,-35.1,173.7833,72.12,56,14,8.37,few clouds
489,Key West,US,24.5557,-81.7826,71.6,56,90,13.8,overcast clouds
490,Oranjestad,AW,12.524,-70.027,79.0,83,20,17.27,few clouds
491,Ndele,CF,8.4109,20.6473,74.59,61,62,0.94,broken clouds
492,Fortuna,US,40.5982,-124.1573,52.0,81,90,6.91,overcast clouds
493,Boa Vista,BR,2.8197,-60.6733,84.2,65,75,9.22,broken clouds
494,Safranbolu,TR,41.2508,32.6942,44.55,84,54,2.06,broken clouds
495,Provideniya,RU,64.3833,-173.3,9.86,80,100,6.73,overcast clouds
496,Inongo,CD,-1.95,18.2667,72.81,93,100,1.66,overcast clouds
497,Nenagh,IE,52.8619,-8.1967,37.4,93,0,1.14,clear sky
498,Emba,KZ,48.8264,58.1442,33.46,98,100,9.66,overcast clouds
499,Udachnyy,RU,66.4167,112.4,-7.11,88,96,8.34,overcast clouds
500,Porto Walter,BR,-8.2686,-72.7439,70.59,99,100,2.44,overcast clouds
501,Toamasina,MG,-18.1667,49.3833,73.4,94,20,4.61,few clouds
502,Savannah Bight,HN,16.45,-85.85,78.01,86,33,19.37,scattered clouds
503,Salamiyah,SY,35.0113,37.0532,47.28,93,1,8.16,clear sky
504,Kloulklubed,PW,7.0419,134.2556,86.0,74,75,9.22,broken clouds
505,Biloela,AU,-24.4167,150.5,76.64,73,100,20.74,light rain
506,Menomonie,US,44.8755,-91.9193,52.0,39,1,3.44,clear sky
507,Marienburg,PL,54.0359,19.0266,30.99,90,37,5.66,scattered clouds
508,Myitkyina,MM,25.3833,97.4,87.62,18,34,0.49,scattered clouds
509,Adrar,MR,20.5022,-10.0711,77.36,25,71,8.39,broken clouds
510,Workington,GB,54.6425,-3.5441,37.0,94,17,8.86,few clouds
511,Nishihara,JP,26.1842,127.7558,71.6,83,90,19.57,mist
512,Moctezuma,MX,29.8,-109.6667,76.37,14,0,4.23,clear sky
513,Leh,IN,34.1667,77.5833,27.86,34,1,2.01,clear sky
514,Alexandria,EG,31.2156,29.9553,51.8,93,0,3.44,clear sky
515,Blackwater,AU,-23.5833,148.8833,84.6,51,100,16.24,overcast clouds
516,Praia,CV,14.9215,-23.5087,75.2,41,0,17.27,clear sky
517,Itaituba,BR,-4.2761,-55.9836,72.43,99,100,2.26,overcast clouds
518,North Bend,US,43.4065,-124.2243,51.8,82,1,5.75,clear sky
519,Utete,TZ,-7.986,38.758,72.54,98,100,2.89,moderate rain
520,Alice Springs,AU,-23.7,133.8833,87.01,26,0,11.5,clear sky
521,Daru,PG,-9.0763,143.2092,81.43,73,100,13.09,overcast clouds
522,Goderich,CA,43.7501,-81.7165,44.6,49,4,5.75,clear sky
523,Asau,RO,46.4333,26.4,39.0,62,99,3.6,light rain
524,Martinsburg,US,39.4562,-77.9639,44.6,36,40,3.91,scattered clouds
525,Lano,NG,10.1725,11.4715,77.38,15,81,5.7,broken clouds
526,Rundu,NA,-17.9333,19.7667,62.74,64,6,4.59,clear sky
527,Ionia,US,42.9873,-85.0711,50.0,50,1,5.75,clear sky
528,Srivardhan,IN,18.0333,73.0167,79.47,70,65,3.42,broken clouds
529,Beitbridge,ZW,-22.2167,30.0,66.45,86,26,14.97,scattered clouds
530,La Libertad,EC,-2.2333,-80.9,75.43,83,45,5.79,scattered clouds
531,Vohibinany,MG,-17.35,49.0333,69.28,98,18,2.46,few clouds
532,Panjab,AF,34.388,67.0233,38.55,98,100,3.71,overcast clouds
533,Dawson Creek,CA,55.7666,-120.2362,42.8,49,1,3.44,clear sky
534,Ambanja,MG,-13.6833,48.45,73.08,90,11,3.71,few clouds
535,Barra Do Corda,BR,-5.5,-45.25,73.04,92,71,0.94,broken clouds
536,Namatanai,PG,-3.6667,152.4333,83.23,73,100,5.14,moderate rain
537,Narasannapeta,IN,18.4167,84.05,84.34,59,48,5.73,scattered clouds
538,Porvoo,FI,60.3923,25.6651,34.0,88,88,8.25,overcast clouds
539,Baykit,RU,61.67,96.37,30.4,85,98,3.83,overcast clouds
540,Jumla,NP,29.2747,82.1838,55.17,10,0,3.85,clear sky
541,Dutlwe,BW,-23.9833,23.9,69.22,40,0,6.06,clear sky
542,Henties Bay,NA,-22.116,14.2845,68.45,73,1,4.92,clear sky
543,Sisophon,KH,13.5859,102.9737,90.55,53,99,3.24,overcast clouds
544,Kankan,GN,10.3854,-9.3057,79.95,24,11,6.31,few clouds
545,Cabatuan,PH,10.8794,122.486,88.9,50,16,13.51,few clouds
546,Mount Gambier,AU,-37.8333,140.7667,69.8,60,40,12.66,scattered clouds
547,San Luis,AR,-33.295,-66.3356,64.85,64,1,12.59,clear sky
548,Toyooka,JP,35.5333,134.8333,60.8,94,75,10.36,moderate rain
549,Verkhnevilyuysk,RU,63.4453,120.3167,4.03,80,100,3.11,overcast clouds
550,Sulangan,PH,11.1373,123.7228,82.45,69,68,12.84,broken clouds
551,Oberstdorf,DE,47.4,10.2833,28.99,81,29,1.01,scattered clouds
552,Hegang,CN,47.4,130.3667,47.28,22,1,10.8,clear sky
553,Saint-Joseph,RE,-21.3667,55.6167,77.0,69,0,8.05,clear sky
554,Eskil,TR,38.4017,33.4131,44.04,80,0,8.14,clear sky
555,Epe,NG,6.5841,3.9834,77.95,90,63,2.48,broken clouds
556,Blagoyevo,RU,63.3667,47.9167,25.43,96,97,1.23,overcast clouds
557,Rocha,UY,-34.4833,-54.3333,59.76,94,0,4.07,clear sky
558,Bloomingdale,US,27.8936,-82.2404,63.0,59,1,5.75,clear sky
559,Huanuni,BO,-18.2667,-66.85,37.96,88,100,2.42,overcast clouds
560,Ziarat,PK,30.3823,67.7282,56.07,19,48,5.73,scattered clouds
561,Jabbeke,BE,51.185,3.095,42.8,70,75,10.36,broken clouds
562,Williston,US,48.147,-103.618,57.0,32,30,8.21,scattered clouds
563,Troitskoye,RU,52.9821,84.6757,30.99,76,35,4.81,scattered clouds
564,Safaga,EG,26.7292,33.9365,62.6,20,0,11.5,clear sky
565,Talara,PE,-4.5772,-81.2719,72.55,80,99,8.01,overcast clouds
566,Gouyave,GD,12.1646,-61.7296,78.8,78,20,20.71,few clouds
567,Agirish,RU,61.9247,63.0231,29.97,95,100,6.89,overcast clouds
568,Chulman,RU,56.8479,124.9104,20.8,82,99,2.26,overcast clouds
569,Gua Musang,MY,4.8823,101.9644,88.59,59,51,0.38,broken clouds
570,Liwonde,MW,-15.0506,35.2035,65.52,96,21,1.32,few clouds
571,Mehamn,NO,71.0357,27.8492,30.61,90,100,16.93,light snow
572,Porto Novo,BJ,6.4965,2.6036,79.7,85,44,6.26,scattered clouds
573,Gwadar,PK,25.1216,62.3254,80.04,71,0,4.83,clear sky
574,Fengrun,CN,39.8333,118.1167,57.0,21,5,15.99,clear sky
575,Port Hardy,CA,50.6996,-127.4199,42.8,75,75,11.5,light rain
576,Taungdwingyi,MM,20.0167,95.55,75.63,56,100,11.07,overcast clouds
577,Vetluga,RU,57.8557,45.781,22.55,96,67,4.72,broken clouds
578,Little Current,CA,45.9793,-81.9248,35.6,80,96,3.44,overcast clouds
579,Rawson,AR,-43.3002,-65.1023,68.4,53,48,6.26,scattered clouds
580,Havoysund,NO,70.9963,24.6622,28.4,86,75,14.97,light snow
581,Marau,BR,-28.4492,-52.2,58.39,80,2,3.89,clear sky
582,Bac Giang,VN,21.2667,106.2,80.6,89,75,4.61,mist
583,Marzuq,YE,14.4,46.4667,66.69,22,82,3.11,broken clouds
584,Vista Hermosa,MX,19.5167,-99.2167,62.6,34,20,11.5,few clouds
585,Ranong,TH,9.9658,98.6348,84.2,84,20,3.44,few clouds
586,Bairiki,KI,1.3292,172.9752,87.8,70,20,9.22,few clouds
587,Yeppoon,AU,-23.1333,150.7333,77.0,78,90,11.5,overcast clouds
588,Ponta Delgada,PT,37.7333,-25.6667,60.8,88,75,20.71,broken clouds
589,Dakar,SN,14.6937,-17.4441,68.0,73,0,8.05,clear sky
590,Aztec,US,36.8222,-107.9929,69.8,12,1,4.61,clear sky
591,Issoire,FR,45.55,3.25,41.0,56,0,8.05,clear sky
592,Sohag,EG,26.557,31.6948,53.6,43,0,5.75,clear sky
593,Umm Bab,QA,25.2142,50.8072,69.01,60,1,21.85,clear sky
594,Nailsea,GB,51.4324,-2.7585,36.0,87,15,2.3,few clouds
595,Palafrugell,ES,41.9174,3.1631,57.0,81,0,2.3,clear sky
596,Martapura,ID,-3.4167,114.85,86.0,79,40,4.61,scattered clouds
597,Los Llanos De Aridane,ES,28.6585,-17.9182,64.4,68,90,5.75,overcast clouds
598,Farafangana,MG,-22.8167,47.8333,71.22,88,20,4.74,few clouds
599,Muros,ES,42.7762,-9.0603,52.0,60,0,11.59,clear sky
600,Umm Lajj,SA,25.0213,37.2685,70.52,33,8,17.16,clear sky
601,Gravdal,NO,68.1214,13.5031,36.7,99,100,16.28,light rain
602,Yantal,RU,56.8471,105.2542,32.99,89,100,12.08,light snow
603,Amapa,BR,1.0,-52.0,72.43,98,77,4.65,broken clouds
604,Erdemli,TR,36.605,34.3084,54.68,85,3,6.82,clear sky
605,Laguna,US,38.421,-121.4238,59.0,55,1,11.5,clear sky
606,Balsas,BR,-7.5325,-46.0356,74.03,89,64,0.36,broken clouds
607,Stephenville,US,32.2207,-98.2023,59.0,77,90,4.61,overcast clouds
608,Pizarro,CO,4.9533,-77.366,77.74,88,100,3.56,overcast clouds
609,Talcahuano,CL,-36.7167,-73.1167,53.6,94,0,1.14,clear sky
610,Diego De Almagro,CL,-26.3667,-70.05,62.22,54,98,1.01,overcast clouds
611,Camopi,GF,3.1655,-52.3158,72.16,99,100,2.98,light rain
612,Hamilton,US,39.1834,-84.5333,51.8,43,1,10.36,clear sky
613,Labrea,BR,-7.2586,-64.7981,73.67,98,100,1.3,overcast clouds
614,Ugoofaaru,MV,5.6667,73.0,83.8,65,4,7.7,clear sky
615,Bemidji,US,47.4736,-94.8803,55.0,32,1,5.75,clear sky
616,Ulaangom,MN,49.9811,92.0667,37.0,34,0,4.03,clear sky
617,Chernyshevskiy,RU,63.0128,112.4714,1.2,87,100,5.73,overcast clouds
618,Abu Dhabi,AE,24.4667,54.3667,75.2,73,0,10.36,clear sky
619,Aykhal,RU,66.0,111.5,-8.0,91,100,9.08,overcast clouds
620,Salta,AR,-24.7859,-65.4117,62.6,94,75,4.61,broken clouds
621,Mugur-Aksy,RU,50.35,90.5,25.92,38,0,2.46,clear sky
622,Vilyuysk,RU,63.7553,121.6247,2.71,82,100,3.58,overcast clouds
623,Finnsnes,NO,69.2296,17.9811,30.2,93,100,2.3,light snow
624,Mackay,AU,-21.15,149.2,78.8,83,75,16.11,broken clouds
625,Veraval,IN,20.9,70.3667,81.3,64,9,5.57,clear sky
626,Ixtapa,MX,20.7,-105.2,77.0,78,20,5.75,few clouds
627,Luganville,VU,-15.5333,167.1667,83.79,80,90,11.41,overcast clouds
628,Buraydah,SA,26.326,43.975,57.2,38,0,9.22,clear sky
629,Pemberton,CA,50.3164,-122.8027,46.4,93,100,1.14,overcast clouds
630,Kodumudi,IN,11.0775,77.8836,83.86,55,86,8.9,overcast clouds
631,Vila Franca Do Campo,PT,37.7167,-25.4333,60.8,88,75,20.71,broken clouds
632,Doha,QA,25.2867,51.5333,69.8,56,0,19.57,clear sky
633,Proletarskiy,RU,50.7914,35.7731,35.6,75,0,4.47,clear sky
634,Camocim,BR,-2.9022,-40.8411,76.08,91,44,9.44,scattered clouds
635,Qasigiannguit,GL,68.8193,-51.1922,1.4,66,17,8.05,few clouds
636,Saint-Georges,GD,12.0564,-61.7485,78.8,78,20,20.71,few clouds
637,Qaqortoq,GL,60.7167,-46.0333,37.4,93,90,1.14,drizzle
638,Broome,US,42.2506,-75.833,41.0,26,90,3.44,overcast clouds
639,Poya,NC,-21.35,165.15,82.69,72,99,8.32,overcast clouds
640,Visby,SE,57.6409,18.296,37.99,87,33,9.22,scattered clouds
641,Netrakona,BD,24.8833,90.7167,85.26,33,0,4.7,clear sky
642,Cashel,IE,52.5158,-7.8856,37.0,87,4,1.77,clear sky
643,Den Helder,NL,52.9599,4.7593,42.01,75,90,6.91,overcast clouds
644,Manaira,BR,-7.7061,-38.1544,66.02,69,0,2.59,clear sky
645,Cajamarca,PE,-7.1638,-78.5003,54.99,97,98,1.57,moderate rain
646,Tres Arroyos,AR,-38.3739,-60.2798,59.99,82,1,8.9,clear sky
647,Along,IN,28.1667,94.7667,77.09,41,76,1.83,broken clouds
648,Contamana,PE,-7.3333,-75.0167,72.25,99,99,2.71,overcast clouds
649,La Spezia,IT,44.1105,9.8434,53.01,55,9,1.01,clear sky
650,Sikonge,TZ,-5.6333,32.7667,66.2,94,40,4.07,scattered clouds
651,Batsfjord,NO,70.6345,29.7185,31.82,87,100,9.17,light snow
652,Terrace Bay,CA,48.7834,-87.1,28.4,93,94,4.74,overcast clouds
653,Mwanza,TZ,-2.5167,32.9,67.03,91,99,6.35,light rain
654,Gardabani,GE,41.4605,45.0928,46.4,66,0,14.97,clear sky
655,Manukan,PH,8.5333,123.1,86.0,79,64,16.69,broken clouds
656,Cimitarra,CO,6.3142,-73.9497,73.8,98,100,3.53,light rain
657,Moche,PE,-8.1711,-79.0092,70.75,83,62,6.35,broken clouds
658,Kalawit,PH,8.0667,122.5167,85.28,71,87,12.12,overcast clouds
659,Inuvik,CA,68.3499,-133.7218,-0.4,65,96,5.75,overcast clouds
660,Sokolka,PL,53.4072,23.5023,30.99,88,13,5.19,few clouds
661,Benoy,TD,8.9833,16.3199,81.64,16,100,3.78,overcast clouds
662,Danielskuil,ZA,-28.1887,23.5395,59.79,53,0,3.29,clear sky
663,Leopold,AU,-38.1833,144.4667,77.0,57,4,13.8,clear sky
664,Mutsu,JP,41.2894,141.2169,51.01,100,75,3.44,light rain
665,Tromso,NO,69.6496,18.957,30.2,93,90,5.75,light snow
666,Kumba,CM,4.6363,9.4469,72.91,94,99,1.34,overcast clouds
667,Talmenka,RU,53.8183,83.5677,30.2,69,0,4.47,clear sky
668,Tateyama,JP,34.9833,139.8667,69.01,73,75,11.5,broken clouds
669,Lozuvatka,UA,48.0571,33.2858,41.0,65,90,4.47,overcast clouds
670,Dingle,PH,10.9995,122.6711,87.8,55,35,14.43,scattered clouds
671,Matara,LK,5.9485,80.5353,83.07,69,16,9.26,few clouds
672,Puerto Quijarro,BO,-17.7833,-57.7667,75.42,69,81,0.43,broken clouds
673,Havelock,US,34.8791,-76.9013,46.0,70,1,6.91,clear sky
674,Yabrud,SY,33.9674,36.6574,35.01,81,2,1.99,clear sky
675,Tutoia,BR,-2.7619,-42.2744,77.23,89,96,9.37,overcast clouds
676,Strezhevoy,RU,60.7333,77.5889,33.8,80,0,11.18,clear sky
677,Valparaiso,CL,-33.0393,-71.6273,57.0,83,31,4.05,scattered clouds
678,Ishigaki,JP,24.3448,124.1572,69.8,100,75,11.5,broken clouds
679,Tabuk,PH,17.4189,121.4443,86.27,50,0,3.71,clear sky
680,Denpasar,ID,-8.65,115.2167,86.0,79,20,5.75,few clouds
681,Sarrebourg,FR,48.7333,7.05,37.99,69,0,4.61,clear sky
682,Sakaiminato,JP,35.55,133.2333,60.8,94,75,3.44,light rain
683,Sorong,ID,-0.8833,131.25,84.72,71,100,4.56,overcast clouds
684,Harnai,PK,30.1005,67.9374,77.31,12,22,3.31,few clouds
685,Migori,KE,-1.0634,34.4731,62.33,89,100,6.08,light rain
